address,version,entity
82599865471C020E692885AD5F383D75E38B95033E19C47CEDB99050E0AB90F025E5F350B267AA247BFA85F2D68C318F,ETH2.0,Ethermine
8293DEFDD8F623492F979170153A8508ADEE1BC5F701235537BDEC4BE320AD17DFB02450A458C15FC5735E0BDDAF5380,ETH2.0,Ethermine
84DA836C4302EC7790287FFB822FE6EDB00E78C23EB8BE7F327BCD8B767094676DC80D2AFE9E0A3CFED0CB956A0BC361,ETH2.0,Ethermine
8500564FB1C97AF62241E88BBC6DD096DD418D788C11E675E7A8F1BCB99EBB2A2606802C7AF89EE4CA0C2F476D4BA161,ETH2.0,Ethermine
85E9EDBF84D464BE470965A36AABDD171CE931C118614D48D29B32E4E686BA582E2BAA6C9D270EFA3FC725C15CE72445,ETH2.0,Ethermine
87701BC0AAE758DBB18F78FEED72E55EFCC2A4917D505F9D80F16D9A79DA6671C932BB91C27C1F412609A469E08F8CF2,ETH2.0,Ethermine
878457ECAD20D490DF0802BE2338285C8F416CCC49CA71003EBAA393A17307BB18A167DC44FFEA7A68E2F871C261996D,ETH2.0,Ethermine
87BF98350F22195257256D7B81D0B65C91D8DD94B1649224C1C6A1BC3509495E00AE4940EF0FA9D5313208BFFCC1E369,ETH2.0,Ethermine
8813B21DC9FBF5EF9CF7EAD30EDE42AF1C49BF72350C6EA1CD3A47DF4DCEEF6C4956BE3D789E320E1E2420681504A486,ETH2.0,Ethermine
88FE3FD704FEE5137CEADE54F0920B8893F090EC3604A586BCF31DAF31024285E9732E0B2E61B4C4368DA2C8F461A35B,ETH2.0,Ethermine
894D694B1DF99229C39A6299EF734CB8FBD62B70BB603B270D7E7B6B2EB0A33A1C204A20C0E7B2BE5695B46E2CCF7983,ETH2.0,Ethermine
8B4B741E294F16F143E5CCCA21CFA70438A163960F108D6A23A6363C1899070281E34D3AE54CF425845A706EC0DB40F5,ETH2.0,Ethermine
8CC72EA8F8FABE6CF472D42C2C8941E08AB00C817892B65DF58158658C5DC68EA90C9597787DB29E9E30368BB3D2AB7E,ETH2.0,Ethermine
8D83F7553C7D40C6CC983B312FE038324B79859683779DF851ADBD738C7C8A13D252AEA3AFBBF3058E2ABEAA0A1327CE,ETH2.0,Ethermine
8D86141337883052A4B3B63F627CEB732C052A68C092587B0541FADED1FFA21B001D2D203DFE81920DB72F0610358A0F,ETH2.0,Ethermine
8D93A1B9930FA5FC8F6B71D24D290AEB2D7C2BBB8C5C894C7B76F8CE9021105448464ABCB78EB5EBB87F82AF05E080DC,ETH2.0,Ethermine
9047DE2DB683C3927ECF4472E6193CDE769E729062E6DF579F46909FC230592F4BEFDFFA20833BE7BE2AED48699DC2B2,ETH2.0,Ethermine
9166140B5FF0442B2E62DC2FF4A869268EB41075398BFEC6B9745275A29A193126A70315EEF450B53C31CA51E533A11B,ETH2.0,Ethermine
916B142397D57E0BD0DCFFB4D583E039AE26B615F76D65E2A14ED5B06FD7158A24CB2AC9ADA11A6CFFB8EC7178F4E3A5,ETH2.0,Ethermine
917CC60D9C16C727F9A7D3D78922390CE56BB46799D80F70B230EEE065590180B33E8932B14081B73B30B2492C889A58,ETH2.0,Ethermine
9213B8C5BCF06AB212554E76F11E96565E9CBF8C17922C2617358F5B636DD08DBAB29ED37DAF14A5CF70A4D3E1DD4F34,ETH2.0,Ethermine
92C50D158CA30AA45ADF2A2B865156A93CCA3B126234274A487E5434A18D72B13A4BD3ED7C0520800718B0CBCCA644E4,ETH2.0,Ethermine
93EE73926784A1D35C1FEF0DAC2A0AC73CCEC48E8591B6081391750A8BFC88553950F154B22CDD77AA9DD3C05DB71E3E,ETH2.0,Ethermine
943CCBE9916528A94C920E57778EBDFAA1438C9199BA3D2FE9A6A2148DC5F2EA6FAA5A5C63F4D710488CA4CEBE6B403C,ETH2.0,Ethermine
944A26E945AF21952ED634593BEB8D6BECAEADF8BA63C1991567F6B4DE7D3D76E3D661A4A9142C32CEBAEDDCDD73F1E8,ETH2.0,Ethermine
967F3752E3F58B2241A602642E7E6ACC23647CC3F70CA3AE01C5BF1E0B14D1328DFC8C5BF10DBC7E3BA3E04E16228795,ETH2.0,Ethermine
96A6110D675139345ACF0307E250D222F8B5B223CB6F8E2AE4008E8677E90321F21173ABF71166F45F719A3A439A0B76,ETH2.0,Ethermine
96D723E5D5D7CA093552E615A8471F4AD4E477FC4A17760ED93F35332EC17F1C39D9862FEF5A7E4A8DCBF17871E06C25,ETH2.0,Ethermine
97372122955210F7035D41F2C89B079DB8E158DADAF5C5E66137895144661417AA0C076F8C885764CE5D10E8E3AC931B,ETH2.0,Ethermine
97C388D2C59947437175A40F928D4F38109F608D1C35A05BBE9C348A12D094743CDE96F44FA96B3750F4E6B5073F3265,ETH2.0,Ethermine
98185435C5686B3DD9A4A65134D72DCF6C37B765671BA4DFF44AB93D9631B53214E244961A76A9A436A9716782D9DAB8,ETH2.0,Ethermine
986CA51FF8CDCAFD822CB45697E5E340AD717C45088A6FC2CF8E8363985C259A9E41A02FDB83C569289E51EF4D5B6416,ETH2.0,Ethermine
9876EB4A242E3058923BAFB18947DD2F0D1A9FCC2FCD9F256ED20ED402DC7BE67BD753F5303F09DB6A31F7E1AB27F604,ETH2.0,Ethermine
98E813331EE182EB1D750E75D18BE24E1EBE0DB02871E5E7C1D086D7C77FCEB3E802F328BAE33B431368668C2788DCB0,ETH2.0,Ethermine
996D1E65868FC07D672FA22E8C2F902593064D3542B0E99F1714B67AD014047C8F2AAE52437B1A9BC03763898D54A05A,ETH2.0,Ethermine
A04F33868883CAA84E8733DA0FC716119069D46D97B8E0127BA6A9473FE59E3C68879D605D660FB5E1E7DB3469A46E9E,ETH2.0,Ethermine
A0710343E53212A93462C7E794B1A2F3BB3331CF9922ED8FCE001CCE39EFBD98AE3A942B9A338BE3BC63C4B9C18405B0,ETH2.0,Ethermine
A1B8747549F8948E488ADE1EB40454C538B385343E89F7D8EB1E3AA3B9D36821810866E168B0A46F91743DE7B4298B8D,ETH2.0,Ethermine
A1CFAB95BBC51C6B238555DAE60DC266866B7D731B948F258A9180F774789A3302CF4BCCF28B397B798483C4CBC54623,ETH2.0,Ethermine
A29994EACE8EA0DC9F992EDAF4CEC0D88F0601999AB6F8DDA280928697BE6638D980361E4ACD59AFB52BCAB1A9F9EF55,ETH2.0,Ethermine
A3534C4E450FF231F5FF8BCD016E5C3338960566754146D86674D318E0E6779FE5FA8BCED439F5A44CEAADB70548B223,ETH2.0,Ethermine
A3F8141FE0650CB632BA8D2E66AD2C0D2A458AC791240AE1D22191D78E7B0A228ADF57B9A7B50D198FBB5B61FF3D96A0,ETH2.0,Ethermine
A4FD303608D908698D8AFEF4A13FE8969E326069F6C79828BC211511FD4E6FCBA5AC2C923D71F1068A04A84FAF3DD6B8,ETH2.0,Ethermine
A646357DC63AF99279F3999DB13B99540FA088F2007CACCC168A1F9FA5CB7DAD7D14FF81BAEE51CD1B72BA712C291C38,ETH2.0,Ethermine
A69EBD018E8E7B86A97277F1412C94EC6BA54F412C6C7701C15EC136365A0F8822CEBD7ACAD8D60962A5328A65B42C48,ETH2.0,Ethermine
A7161CA28E38C847ECE06B67F681855AF824C363FB7837EF3130BD5D65CAEB42C4CC71379370406AD145E3A996BFAAC8,ETH2.0,Ethermine
A7A966B73CE0D9562EEF6E79A0616B56C9EBAC067C24B51712F77FC58F2C7D8DA9E85B2C299DB3305C1AE8B57D6760E9,ETH2.0,Ethermine
A7AC32FF8E1A01CA8AD8ECADDAB9940B638E6DF9EBF2602130A1197EC337A8644F4F4E026D70D390FD364A58BBBAF808,ETH2.0,Ethermine
A8655A255D274750D5859716AB4E4F5DBA7314D475C8F18F39BCB7DFB31C7F21431A3AF50D19DD78310F0827C6C6A181,ETH2.0,Ethermine
A932203F414E6AABEBDF2A15D597BC45FD156F3DBAB2E94A97C2DFE1187D385DE8D055C2824007987D3D75217DCA5092,ETH2.0,Ethermine
A94BA7403C16B3F5EFC4C423CFF64F8E1ED1B9FE83BECC2C206105539EFB425E7252C4E6D8953683108BA78AF8DC8AEA,ETH2.0,Ethermine
A9EDB8E8E2B57AE628C840EF38E2BCD661C4256AE872C39A75E05E43C09CEC5CB8349ED1074EC5C0442F097D246660E2,ETH2.0,Ethermine
AA5ED8734BC2FDEE069F39BE2B805798C333CFBB89EEEF1F133AB49FF07DD7F229148F322A66C53CC6DD72F734FED881,ETH2.0,Ethermine
AA96A28BF4A752EA4614085725E4862640EA7826256078125603F88B0E5150782CC6644818063CF823FE12571647C1A3,ETH2.0,Ethermine
AAC54AE82B333E029623342F7AFDF38F4A092FDFAE9D2DBB7EA8A9F54E2DC8D8BB26B8D4F130936EA91B3DB3B0E3DE2F,ETH2.0,Ethermine
ABFAB2827228707D4A8365E923926C3866A191893AA16C9A93203C9CE9337944963ABB468DF28F28B69047C41A144DB1,ETH2.0,Ethermine
AC87B55E3715C96EED7FA2D55CD68C5F3B04FBF709762FEB392E70D4258625FDD6BECB03C85C3A13836D7335FCA5800E,ETH2.0,Ethermine
ACFFEF054CEF1D28DC05EADAD5E811AE0E93A7EBEAE5AAF4C71740635CF72209E50846D0D97F657E855B9903F0CFB306,ETH2.0,Ethermine
AF8F22E92A04A0F079F1663E2E0CEF28948615CE8843D1B02D59F39D4351ED7AD82FBBEDB6F7332912F899EBECC28344,ETH2.0,Ethermine
AF9ABDE4731586FB8FCD238BE5ED8B01B06D04ED421B873BD780F0A13CF7CD1CD8516365557FFBACE60F53CE987CE8DF,ETH2.0,Ethermine
B0293E01D55A4162B3F34C638F3D81E201189A0D229BE7C0F2931B434815E831CB1FCA806F063002C0D000E405E0B68D,ETH2.0,Ethermine
B04A9E0D2E8929A34317D7A260FE6C7900B5F89C2439610C445B40D640F4D8FC8023E580477314B5108DAADB9E177154,ETH2.0,Ethermine
B1B98027561F6F49AC543C9A39700524584955BE4D4E6D12E33DAE22D1C35BD0E2ABD98EC51CB94AB485074061A43A72,ETH2.0,Ethermine
B3C5B805F9483ECCBEAFD49A669B7382C1E7D232F4BEF9C0B170E2618501769C0A6FEB2DD21AF473DE8FA6357B39BF59,ETH2.0,Ethermine
B49791BD717BF341DA67E485A1EC7CCD0878377DBCCEF3CEE7A34B667D4075B1C9CE77E924C009E7B9FD1787218B03F3,ETH2.0,Ethermine
B4C8BF4236E0975157D066D7B47D44681497A5810761A25C880143D9F115EA3FF5A07A73A7AC9B3BE75C44903AD23226,ETH2.0,Ethermine
B576DFC09007B5AFBDCE5804370CE6A4853834B4030C6F008BD256BD8F3700ECA97F9E0F530163420408B498102F2B25,ETH2.0,Ethermine
B57CCD836C65CDC4CB779A22AB4CA946B19049588EAD432D0842EB96BF1CC33767E85B0CA8AC8972C58F39CF68FC9644,ETH2.0,Ethermine
B67859AFDF0973FB1C2C54256D5F923CC216EC6A4772D6B0024A6926837C7A50B6E555EA665EBB5D235D95A6560C643B,ETH2.0,Ethermine
B75D44BBF5D54B218FBEB86D174D5C1655B6CF2408D6BC4093F51ED985D047BE92C4E0AE0438C0D5D815CA35814ADABF,ETH2.0,Ethermine
B783FDB4778B446D8D782EA8F19E6F738E7C506EAB75706E34A023203BBAA6E08A1BCF7742C688D6958AE2F26EF42FD8,ETH2.0,Ethermine
B7F4ECD086FFE3D4BE92966A4BDC081A2414913E0B3E04605327628162FBD06FE4AA9A8AB5B37BD4C902C25152CDEBEE,ETH2.0,Ethermine
B83B0711E9BADB4979F73BCFD582113D98403C9724D3349A3A22F765B7FCF2C2E77A97160B374C0AC4C6D462A21941BD,ETH2.0,Ethermine
B8549C4EA8EC88409D343B8595DA94765CA2F2822173495B2994515B38FB9CAABF9A08897081EFC630CDD1573991A3BC,ETH2.0,Ethermine
B8AEDAF28B25A3C0B660FCE6A1837EBA58E4D34691299210F7B3FC365152F1F245DC0A56156F2AAAE787D93C5BD5A538,ETH2.0,Ethermine
B8F89BE429A9273F8CC2A3A84FE86B2E13AA8ECB53D95D6F41B8B034EA1656E8380E2519A3FF19E5A3A9EE944928AFFD,ETH2.0,Ethermine
B993F992EADDE39C552D15679384F2282562E17D696AD0A82A55279A91457FE8901817BAFA767841CC1CB6848251A923,ETH2.0,Ethermine
B9BFA9DA0C5A3C9E80C766D8C872B718B707B3F3322E89B424D2BC633CCE13917EC556923A5B8973DAC0B8BE43C36A6D,ETH2.0,Ethermine
